{
  "css/style.css": 1731907471334,
  "model/models.js": 1731907471334,
  "controller/View_Test.controller.js": 1733543676080,
  "controller/App.controller.js": 1731907471334,
  "manifest.json": 1733554488229,
  "Component.js": 1731907471334,
  "Component-dbg.js": 1731907471334,
  "Component.js.map": 1733554488355,
  "controller/View_Test-dbg.controller.js": 1733543676080,
  "controller/View_Test.controller.js.map": 1733554488376,
  "controller/App-dbg.controller.js": 1731907471334,
  "controller/App.controller.js.map": 1733554488354,
  "model/models-dbg.js": 1731907471334,
  "model/models.js.map": 1733554488355,
  "Component-preload.js": 1733554488447,
  "Component-preload.js.map": 1733554488447,
  "view/fragment/dialogUser.fragment.xml": 1731907471334,
  "view/View_Test.view.xml": 1733540395129,
  "view/App.view.xml": 1731907471334,
  "i18n/i18n.properties": 1733536083835,
  "index.html": 1731978790210
}