{
  "i18n/i18n.properties": 1710601599441,
  "Component.js": 1710601599441,
  "controller/View_Test.controller.js": 1712974639668,
  "controller/App.controller.js": 1710601599441,
  "manifest.json": 1712977572838,
  "model/models.js": 1710601599441,
  "controller/View_Test-dbg.controller.js": 1712974639668,
  "controller/View_Test.controller.js.map": 1712977573080,
  "Component-dbg.js": 1710601599441,
  "Component.js.map": 1712977573055,
  "controller/App-dbg.controller.js": 1710601599441,
  "controller/App.controller.js.map": 1712977573057,
  "model/models-dbg.js": 1710601599441,
  "model/models.js.map": 1712977573057,
  "Component-preload.js": 1712977573327,
  "Component-preload.js.map": 1712977573328,
  "view/fragment/dialogUser.fragment.xml": 1710601599441,
  "view/View_Test.view.xml": 1712977100925,
  "view/App.view.xml": 1710601599441,
  "css/style.css": 1710601599441,
  "index.html": 1710601599441
}